emp_code,email,engagementcode,flowcode,jobcode
I0166,anar@imerit.net,EC-vieAeIf69m,FC-L8uamEfIzP,JC-5f576520ea1d2900014e82d5
I3334,swagata.c@imerit.net,EC-vieAeIf69m,FC-L8uamEfIzP,JC-5f576520ea1d2900014e82d5
I0162,pranomita@imerit.net,EC-vieAeIf69m,FC-L8uamEfIzP,JC-5f576520ea1d2900014e82d5
I0159,arup@imerit.net,EC-vieAeIf69m,FC-L8uamEfIzP,JC-5f576520ea1d2900014e82d5
I0156,raghumoni@imerit.net,EC-vieAeIf69m,FC-L8uamEfIzP,JC-5f576520ea1d2900014e82d5
I0155,subhasish@imerit.net,EC-vieAeIf69m,FC-L8uamEfIzP,JC-5f576520ea1d2900014e82d5
I0216,subrata.mali@imerit.net,EC-vieAeIf69m,FC-L8uamEfIzP,JC-5f576520ea1d2900014e82d5
I0205,tapas.karmakar@imerit.net,EC-vieAeIf69m,FC-L8uamEfIzP,JC-5f576520ea1d2900014e82d5
I0206,ambarish.ghosh@imerit.net,EC-vieAeIf69m,FC-L8uamEfIzP,JC-5f576520ea1d2900014e82d5
I0229,sukanta.das@imerit.net,EC-vieAeIf69m,FC-L8uamEfIzP,JC-5f576520ea1d2900014e82d5
I0257,satpal.ghosh@imerit.net,EC-vieAeIf69m,FC-L8uamEfIzP,JC-5f576520ea1d2900014e82d5
I0684,ankush.chandra@imerit.net,EC-vieAeIf69m,FC-L8uamEfIzP,JC-5f576520ea1d2900014e82d5
I0681,ranabir.das@imerit.net,EC-vieAeIf69m,FC-L8uamEfIzP,JC-5f576520ea1d2900014e82d5
I0687,subir.das@imerit.net,EC-vieAeIf69m,FC-L8uamEfIzP,JC-5f576520ea1d2900014e82d5
I0690,sayanee.hazra@imerit.net,EC-vieAeIf69m,FC-L8uamEfIzP,JC-5f576520ea1d2900014e82d5
I0672,prasenjit.meta@imerit.net,EC-vieAeIf69m,FC-L8uamEfIzP,JC-5f576520ea1d2900014e82d5
I0275,ranjit.giri@imerit.net,EC-vieAeIf69m,FC-L8uamEfIzP,JC-5f576520ea1d2900014e82d5
I0294,saswati.samaddar@imerit.net,EC-vieAeIf69m,FC-L8uamEfIzP,JC-5f576520ea1d2900014e82d5
I0420,mukhtar.habib@imerit.net,EC-vieAeIf69m,FC-L8uamEfIzP,JC-5f576520ea1d2900014e82d5
I0812,debabrata.ghosh@imerit.net,EC-vieAeIf69m,FC-L8uamEfIzP,JC-5f576520ea1d2900014e82d5
I0725,sunny.sardar@imerit.net,EC-vieAeIf69m,FC-L8uamEfIzP,JC-5f576520ea1d2900014e82d5
I0744,sunashir.banerjee@imerit.net,EC-vieAeIf69m,FC-L8uamEfIzP,JC-5f576520ea1d2900014e82d5
I0745,rajib.mondal@imerit.net,EC-vieAeIf69m,FC-L8uamEfIzP,JC-5f576520ea1d2900014e82d5
I0720,priya.shaw@imerit.net,EC-vieAeIf69m,FC-L8uamEfIzP,JC-5f576520ea1d2900014e82d5
I0809,anup.dey@imerit.net,EC-vieAeIf69m,FC-L8uamEfIzP,JC-5f576520ea1d2900014e82d5
I0161,barnalip@imerit.net,EC-vieAeIf69m,FC-L8uamEfIzP,JC-5f576520ea1d2900014e82d5
I0813,pranay.kaviraj@imerit.net,EC-vieAeIf69m,FC-L8uamEfIzP,JC-5f576520ea1d2900014e82d5
I0826,tukun.sarkar@imerit.net,EC-vieAeIf69m,FC-L8uamEfIzP,JC-5f576520ea1d2900014e82d5
I0827,purna.chowdhury@imerit.net,EC-vieAeIf69m,FC-L8uamEfIzP,JC-5f576520ea1d2900014e82d5
I0829,tapas.hait@imerit.net,EC-vieAeIf69m,FC-L8uamEfIzP,JC-5f576520ea1d2900014e82d5
I0068,hemant@imerit.net,EC-vieAeIf69m,FC-L8uamEfIzP,JC-5f576520ea1d2900014e82d5
I0858,arup.mondal@imerit.net,EC-vieAeIf69m,FC-L8uamEfIzP,JC-5f576520ea1d2900014e82d5
I0842,chandana.banik@imerit.net,EC-vieAeIf69m,FC-L8uamEfIzP,JC-5f576520ea1d2900014e82d5
I0843,chandrani.banerjee@imerit.net,EC-vieAeIf69m,FC-L8uamEfIzP,JC-5f576520ea1d2900014e82d5
I0213,rajyaswar.gayen@imerit.net,EC-vieAeIf69m,FC-L8uamEfIzP,JC-5f576520ea1d2900014e82d5
I0158,rajat@imerit.net,EC-vieAeIf69m,FC-L8uamEfIzP,JC-5f576520ea1d2900014e82d5
I0255,vivek@imerit.net,EC-vieAeIf69m,FC-L8uamEfIzP,JC-5f576520ea1d2900014e82d5
I0607,suman.naskar@imerit.net,EC-vieAeIf69m,FC-L8uamEfIzP,JC-5f576520ea1d2900014e82d5
I0616,modhumita.pollay@imerit.net,EC-vieAeIf69m,FC-L8uamEfIzP,JC-5f576520ea1d2900014e82d5
I0602,pabitra.gayen@imerit.net,EC-vieAeIf69m,FC-L8uamEfIzP,JC-5f576520ea1d2900014e82d5
I0638,subhankar.dhara@imerit.net,EC-vieAeIf69m,FC-L8uamEfIzP,JC-5f576520ea1d2900014e82d5
I0645,dipak.halder@imerit.net,EC-vieAeIf69m,FC-L8uamEfIzP,JC-5f576520ea1d2900014e82d5
I0639,prasenjit.adhikari@imerit.net,EC-vieAeIf69m,FC-L8uamEfIzP,JC-5f576520ea1d2900014e82d5
I0708,sachchidananda.halder@imerit.net,EC-vieAeIf69m,FC-L8uamEfIzP,JC-5f576520ea1d2900014e82d5
I0581,prosenjit.halder@imerit.net,EC-vieAeIf69m,FC-L8uamEfIzP,JC-5f576520ea1d2900014e82d5
I0585,kaushis.halder@imerit.net,EC-vieAeIf69m,FC-L8uamEfIzP,JC-5f576520ea1d2900014e82d5
I0587,kaushik.mondal@imerit.net,EC-vieAeIf69m,FC-L8uamEfIzP,JC-5f576520ea1d2900014e82d5
I0765,bapon.sardar@imerit.net,EC-vieAeIf69m,FC-L8uamEfIzP,JC-5f576520ea1d2900014e82d5
I0850,rajesh@imerit.net,EC-vieAeIf69m,FC-L8uamEfIzP,JC-5f576520ea1d2900014e82d5
I0071,rajdeep@imerit.net,EC-vieAeIf69m,FC-L8uamEfIzP,JC-5f576520ea1d2900014e82d5
I0186,arfana.khatoon@imerit.net,EC-vieAeIf69m,FC-L8uamEfIzP,JC-5f576520ea1d2900014e82d5
I0187,fatma.khatoon@imerit.net,EC-vieAeIf69m,FC-L8uamEfIzP,JC-5f576520ea1d2900014e82d5
I0171,naghma.qadri@imerit.net,EC-vieAeIf69m,FC-L8uamEfIzP,JC-5f576520ea1d2900014e82d5
I0189,nasreen.bano@imerit.net,EC-vieAeIf69m,FC-L8uamEfIzP,JC-5f576520ea1d2900014e82d5
I0195,samina.khatoon@imerit.net,EC-vieAeIf69m,FC-L8uamEfIzP,JC-5f576520ea1d2900014e82d5
I0262,jasmin.bano@imerit.net,EC-vieAeIf69m,FC-L8uamEfIzP,JC-5f576520ea1d2900014e82d5
I0263,nikhat.bano@imerit.net,EC-vieAeIf69m,FC-L8uamEfIzP,JC-5f576520ea1d2900014e82d5
I0269,farha.naaz@imerit.net,EC-vieAeIf69m,FC-L8uamEfIzP,JC-5f576520ea1d2900014e82d5
I0273,rukhsana.khatoon2@imerit.net,EC-vieAeIf69m,FC-L8uamEfIzP,JC-5f576520ea1d2900014e82d5
I0311,razia.parveen@imerit.net,EC-vieAeIf69m,FC-L8uamEfIzP,JC-5f576520ea1d2900014e82d5
I0313,rozy.bano@imerit.net,EC-vieAeIf69m,FC-L8uamEfIzP,JC-5f576520ea1d2900014e82d5
I0318,farheen.ara@imerit.net,EC-vieAeIf69m,FC-L8uamEfIzP,JC-5f576520ea1d2900014e82d5
I0325,shaheen.parveen2@imerit.net,EC-vieAeIf69m,FC-L8uamEfIzP,JC-5f576520ea1d2900014e82d5
I0469,yasmin.perveen@imerit.net,EC-vieAeIf69m,FC-L8uamEfIzP,JC-5f576520ea1d2900014e82d5
I0472,farzana.ansar@imerit.net,EC-vieAeIf69m,FC-L8uamEfIzP,JC-5f576520ea1d2900014e82d5
I0329,kainat.firdous@imerit.net,EC-vieAeIf69m,FC-L8uamEfIzP,JC-5f576520ea1d2900014e82d5
I0569,shayesta.aslam@imerit.net,EC-vieAeIf69m,FC-L8uamEfIzP,JC-5f576520ea1d2900014e82d5
I0556,nargis.bano@imerit.net,EC-vieAeIf69m,FC-L8uamEfIzP,JC-5f576520ea1d2900014e82d5
I0473,saba.parween@imerit.net,EC-vieAeIf69m,FC-L8uamEfIzP,JC-5f576520ea1d2900014e82d5
I0491,shaik.rahnuma@imerit.net,EC-vieAeIf69m,FC-L8uamEfIzP,JC-5f576520ea1d2900014e82d5
I0493,ishrat.jahan@imerit.net,EC-vieAeIf69m,FC-L8uamEfIzP,JC-5f576520ea1d2900014e82d5
I0489,arsha.khatoon@imerit.net,EC-vieAeIf69m,FC-L8uamEfIzP,JC-5f576520ea1d2900014e82d5
I0818,farzana.khatoon@imerit.net,EC-vieAeIf69m,FC-L8uamEfIzP,JC-5f576520ea1d2900014e82d5
I1001,pawan@imerit.net,EC-vieAeIf69m,FC-L8uamEfIzP,JC-5f576520ea1d2900014e82d5
I0247,dilip.mahto@imerit.net,EC-vieAeIf69m,FC-L8uamEfIzP,JC-5f576520ea1d2900014e82d5
I0335,raju.kumar@imerit.net,EC-vieAeIf69m,FC-L8uamEfIzP,JC-5f576520ea1d2900014e82d5
I0339,gyan.prakash@imerit.net,EC-vieAeIf69m,FC-L8uamEfIzP,JC-5f576520ea1d2900014e82d5
I0523,rameshwar.mahto@imerit.net,EC-vieAeIf69m,FC-L8uamEfIzP,JC-5f576520ea1d2900014e82d5
I0697,nargish.kumari@imerit.net,EC-vieAeIf69m,FC-L8uamEfIzP,JC-5f576520ea1d2900014e82d5
I0703,nikhat.ara@imerit.net,EC-vieAeIf69m,FC-L8uamEfIzP,JC-5f576520ea1d2900014e82d5
I0510,sashisheela.dhan@imerit.net,EC-vieAeIf69m,FC-L8uamEfIzP,JC-5f576520ea1d2900014e82d5
I0532,aziz.ansari@imerit.net,EC-vieAeIf69m,FC-L8uamEfIzP,JC-5f576520ea1d2900014e82d5
I0529,anita.kachhap@imerit.net,EC-vieAeIf69m,FC-L8uamEfIzP,JC-5f576520ea1d2900014e82d5
I0696,lalita.kumari@imerit.net,EC-vieAeIf69m,FC-L8uamEfIzP,JC-5f576520ea1d2900014e82d5
I0784,shashi.bhutkumar@imerit.net,EC-vieAeIf69m,FC-L8uamEfIzP,JC-5f576520ea1d2900014e82d5
I0792,kaoshalya.kumari@imerit.net,EC-vieAeIf69m,FC-L8uamEfIzP,JC-5f576520ea1d2900014e82d5
I0799,lakshmi.kumari@imerit.net,EC-vieAeIf69m,FC-L8uamEfIzP,JC-5f576520ea1d2900014e82d5
I0804,deoki.kumari@imerit.net,EC-vieAeIf69m,FC-L8uamEfIzP,JC-5f576520ea1d2900014e82d5
I0804,deoki.kumari@imerit.net,EC-vieAeIf69m,FC-L8uamEfIzP,JC-5f576520ea1d2900014e82d5
I0807,reena.kumari3@imerit.net,EC-vieAeIf69m,FC-L8uamEfIzP,JC-5f576520ea1d2900014e82d5
I0805,reena.kumari2@imerit.net,EC-vieAeIf69m,FC-L8uamEfIzP,JC-5f576520ea1d2900014e82d5
I0795,rekha.kumari2@imerit.net,EC-vieAeIf69m,FC-L8uamEfIzP,JC-5f576520ea1d2900014e82d5
I0802,shweta.devi@imerit.net,EC-vieAeIf69m,FC-L8uamEfIzP,JC-5f576520ea1d2900014e82d5
I0073,sanghamitra@imerit.net,EC-vieAeIf69m,FC-L8uamEfIzP,JC-5f576520ea1d2900014e82d5
I0868,sayani.nag@imerit.net,EC-vieAeIf69m,FC-L8uamEfIzP,JC-5f576520ea1d2900014e82d5
I0872,suman.patra@imerit.net,EC-vieAeIf69m,FC-L8uamEfIzP,JC-5f576520ea1d2900014e82d5
I0875,debnath.santra@imerit.net,EC-vieAeIf69m,FC-L8uamEfIzP,JC-5f576520ea1d2900014e82d5
I0877,goutam.toppo@imerit.net,EC-vieAeIf69m,FC-L8uamEfIzP,JC-5f576520ea1d2900014e82d5
I0878,salim.ansari@imerit.net,EC-vieAeIf69m,FC-L8uamEfIzP,JC-5f576520ea1d2900014e82d5
I0882,sulendra.karmali@imerit.net,EC-vieAeIf69m,FC-L8uamEfIzP,JC-5f576520ea1d2900014e82d5
I0889,tapas.mandal@imerit.net,EC-vieAeIf69m,FC-L8uamEfIzP,JC-5f576520ea1d2900014e82d5
I0892,fahmida.bano@imerit.net,EC-vieAeIf69m,FC-L8uamEfIzP,JC-5f576520ea1d2900014e82d5
I0893,shahzadi.khatoon@imerit.net,EC-vieAeIf69m,FC-L8uamEfIzP,JC-5f576520ea1d2900014e82d5
I0895,shabnam.khatoon2@imerit.net,EC-vieAeIf69m,FC-L8uamEfIzP,JC-5f576520ea1d2900014e82d5
I0898,afreen.islam@imerit.net,EC-vieAeIf69m,FC-L8uamEfIzP,JC-5f576520ea1d2900014e82d5
I0904,soumik.banerjee@imerit.net,EC-vieAeIf69m,FC-L8uamEfIzP,JC-5f576520ea1d2900014e82d5
I0908,afsari.begum@imerit.net,EC-vieAeIf69m,FC-L8uamEfIzP,JC-5f576520ea1d2900014e82d5
I0912,rounaque.parveen2@imerit.net,EC-vieAeIf69m,FC-L8uamEfIzP,JC-5f576520ea1d2900014e82d5
I0915,nigar.jahan@imerit.net,EC-vieAeIf69m,FC-L8uamEfIzP,JC-5f576520ea1d2900014e82d5
I0917,palash.biswas@imerit.net,EC-vieAeIf69m,FC-L8uamEfIzP,JC-5f576520ea1d2900014e82d5
I0919,sita.kumari@imerit.net,EC-vieAeIf69m,FC-L8uamEfIzP,JC-5f576520ea1d2900014e82d5
I0920,tarannum.saba@imerit.net,EC-vieAeIf69m,FC-L8uamEfIzP,JC-5f576520ea1d2900014e82d5
I0922,nishi.yadav@imerit.net,EC-vieAeIf69m,FC-L8uamEfIzP,JC-5f576520ea1d2900014e82d5
I0923,ranu.yadav@imerit.net,EC-vieAeIf69m,FC-L8uamEfIzP,JC-5f576520ea1d2900014e82d5
I0924,rima.kumari@imerit.net,EC-vieAeIf69m,FC-L8uamEfIzP,JC-5f576520ea1d2900014e82d5
I0927,barti.kumari@imerit.net,EC-vieAeIf69m,FC-L8uamEfIzP,JC-5f576520ea1d2900014e82d5
I0928,manisha.kumari@imerit.net,EC-vieAeIf69m,FC-L8uamEfIzP,JC-5f576520ea1d2900014e82d5
I0929,noorhasan.ansari@imerit.net,EC-vieAeIf69m,FC-L8uamEfIzP,JC-5f576520ea1d2900014e82d5
I0930,junaid.akhtar@imerit.net,EC-vieAeIf69m,FC-L8uamEfIzP,JC-5f576520ea1d2900014e82d5
I0932,raj.ganjhu@imerit.net,EC-vieAeIf69m,FC-L8uamEfIzP,JC-5f576520ea1d2900014e82d5
I0934,dinesh.munda@imerit.net,EC-vieAeIf69m,FC-L8uamEfIzP,JC-5f576520ea1d2900014e82d5
I0935,aftab.alam2@imerit.net,EC-vieAeIf69m,FC-L8uamEfIzP,JC-5f576520ea1d2900014e82d5
I0936,shivdayal.mahto@imerit.net,EC-vieAeIf69m,FC-L8uamEfIzP,JC-5f576520ea1d2900014e82d5
I0938,sultan.ansari@imerit.net,EC-vieAeIf69m,FC-L8uamEfIzP,JC-5f576520ea1d2900014e82d5
I0939,rajdeo.kumar@imerit.net,EC-vieAeIf69m,FC-L8uamEfIzP,JC-5f576520ea1d2900014e82d5
I0940,deepak.munda@imerit.net,EC-vieAeIf69m,FC-L8uamEfIzP,JC-5f576520ea1d2900014e82d5
I0941,rohit.mahto@imerit.net,EC-vieAeIf69m,FC-L8uamEfIzP,JC-5f576520ea1d2900014e82d5
I0948,rejaul.mondal@imerit.net,EC-vieAeIf69m,FC-L8uamEfIzP,JC-5f576520ea1d2900014e82d5
I0950,sourav.ghosh@imerit.net,EC-vieAeIf69m,FC-L8uamEfIzP,JC-5f576520ea1d2900014e82d5
I0952,karna.mondal@imerit.net,EC-vieAeIf69m,FC-L8uamEfIzP,JC-5f576520ea1d2900014e82d5
I0953,gouranga.middya@imerit.net,EC-vieAeIf69m,FC-L8uamEfIzP,JC-5f576520ea1d2900014e82d5
I0961,dilkash.naaz@imerit.net,EC-vieAeIf69m,FC-L8uamEfIzP,JC-5f576520ea1d2900014e82d5
I0962,farhat.jahan@imerit.net,EC-vieAeIf69m,FC-L8uamEfIzP,JC-5f576520ea1d2900014e82d5
I0963,ishrat.ali@imerit.net,EC-vieAeIf69m,FC-L8uamEfIzP,JC-5f576520ea1d2900014e82d5
I0964,kaniz.fatma@imerit.net,EC-vieAeIf69m,FC-L8uamEfIzP,JC-5f576520ea1d2900014e82d5
I0966,nusrat.ara@imerit.net,EC-vieAeIf69m,FC-L8uamEfIzP,JC-5f576520ea1d2900014e82d5
I0968,shagufa.shazia@imerit.net,EC-vieAeIf69m,FC-L8uamEfIzP,JC-5f576520ea1d2900014e82d5
I0969,sultana.parveen@imerit.net,EC-vieAeIf69m,FC-L8uamEfIzP,JC-5f576520ea1d2900014e82d5
I0972,chitra.mondal@imerit.net,EC-vieAeIf69m,FC-L8uamEfIzP,JC-5f576520ea1d2900014e82d5
I0973,rinku.biswas@imerit.net,EC-vieAeIf69m,FC-L8uamEfIzP,JC-5f576520ea1d2900014e82d5
I0974,baishakhi.makal@imerit.net,EC-vieAeIf69m,FC-L8uamEfIzP,JC-5f576520ea1d2900014e82d5
I0978,dipika.bag@imerit.net,EC-vieAeIf69m,FC-L8uamEfIzP,JC-5f576520ea1d2900014e82d5
I0985,rani.kumari@imerit.net,EC-vieAeIf69m,FC-L8uamEfIzP,JC-5f576520ea1d2900014e82d5
I0986,anjlina.kachhap@imerit.net,EC-vieAeIf69m,FC-L8uamEfIzP,JC-5f576520ea1d2900014e82d5
I0987,ranju.devi@imerit.net,EC-vieAeIf69m,FC-L8uamEfIzP,JC-5f576520ea1d2900014e82d5
I0988,usha.devi@imerit.net,EC-vieAeIf69m,FC-L8uamEfIzP,JC-5f576520ea1d2900014e82d5
I0989,gulzar.ansari@imerit.net,EC-vieAeIf69m,FC-L8uamEfIzP,JC-5f576520ea1d2900014e82d5
I0990,sadab.akhtar@imerit.net,EC-vieAeIf69m,FC-L8uamEfIzP,JC-5f576520ea1d2900014e82d5
I0991,sajid.a@imerit.net,EC-vieAeIf69m,FC-L8uamEfIzP,JC-5f576520ea1d2900014e82d5
I0993,sajid.ansari@imerit.net,EC-vieAeIf69m,FC-L8uamEfIzP,JC-5f576520ea1d2900014e82d5
I0994,dilip.m@imerit.net,EC-vieAeIf69m,FC-L8uamEfIzP,JC-5f576520ea1d2900014e82d5
I0998,shivlal.bediya@imerit.net,EC-vieAeIf69m,FC-L8uamEfIzP,JC-5f576520ea1d2900014e82d5
I0999,anil.thakur@imerit.net,EC-vieAeIf69m,FC-L8uamEfIzP,JC-5f576520ea1d2900014e82d5
I1004,shatanik.chatterjee@imerit.net,EC-vieAeIf69m,FC-L8uamEfIzP,JC-5f576520ea1d2900014e82d5
I1006,neha.hadi@imerit.net,EC-vieAeIf69m,FC-L8uamEfIzP,JC-5f576520ea1d2900014e82d5
I1007,mumtaz.begum@imerit.net,EC-vieAeIf69m,FC-L8uamEfIzP,JC-5f576520ea1d2900014e82d5
I1010,sultana.khatoon@imerit.net,EC-vieAeIf69m,FC-L8uamEfIzP,JC-5f576520ea1d2900014e82d5
I1016,rujaruddin.laskar@imerit.net,EC-vieAeIf69m,FC-L8uamEfIzP,JC-5f576520ea1d2900014e82d5
I1021,sunitra.behera@imerit.net,EC-vieAeIf69m,FC-L8uamEfIzP,JC-5f576520ea1d2900014e82d5
I1024,sudeepta.samantaray@imerit.net,EC-vieAeIf69m,FC-L8uamEfIzP,JC-5f576520ea1d2900014e82d5
I1027,krushnarani.nayak@imerit.net,EC-vieAeIf69m,FC-L8uamEfIzP,JC-5f576520ea1d2900014e82d5
I1028,sukla.das@imerit.net,EC-vieAeIf69m,FC-L8uamEfIzP,JC-5f576520ea1d2900014e82d5
I1030,koushik.haldar@imerit.net,EC-vieAeIf69m,FC-L8uamEfIzP,JC-5f576520ea1d2900014e82d5
I1034,manorama.kumari@imerit.net,EC-vieAeIf69m,FC-L8uamEfIzP,JC-5f576520ea1d2900014e82d5
I1035,pooja.kumari@imerit.net,EC-vieAeIf69m,FC-L8uamEfIzP,JC-5f576520ea1d2900014e82d5
I1036,komal.singh@imerit.net,EC-vieAeIf69m,FC-L8uamEfIzP,JC-5f576520ea1d2900014e82d5
I0077,arnab@imerit.net,EC-vieAeIf69m,FC-L8uamEfIzP,JC-5f576520ea1d2900014e82d5
I1045,bijayalaxmi.swain@imerit.net,EC-vieAeIf69m,FC-L8uamEfIzP,JC-5f576520ea1d2900014e82d5
I1046,sakuntala.mangaraj@imerit.net,EC-vieAeIf69m,FC-L8uamEfIzP,JC-5f576520ea1d2900014e82d5
I1047,suryamani.routaray@imerit.net,EC-vieAeIf69m,FC-L8uamEfIzP,JC-5f576520ea1d2900014e82d5
I0080,vijitha@imerit.net,EC-vieAeIf69m,FC-L8uamEfIzP,JC-5f576520ea1d2900014e82d5
I1050,koushik.sardar@imerit.net,EC-vieAeIf69m,FC-L8uamEfIzP,JC-5f576520ea1d2900014e82d5
I1051,gour.mondal@imerit.net,EC-vieAeIf69m,FC-L8uamEfIzP,JC-5f576520ea1d2900014e82d5
I1052,sunayana.biswas@imerit.net,EC-vieAeIf69m,FC-L8uamEfIzP,JC-5f576520ea1d2900014e82d5
I1056,jyoti.bando@imerit.net,EC-vieAeIf69m,FC-L8uamEfIzP,JC-5f576520ea1d2900014e82d5
I1057,sushma.kumari@imerit.net,EC-vieAeIf69m,FC-L8uamEfIzP,JC-5f576520ea1d2900014e82d5
I1058,nikki.toppo@imerit.net,EC-vieAeIf69m,FC-L8uamEfIzP,JC-5f576520ea1d2900014e82d5
I1062,sabarmati.kumari@imerit.net,EC-vieAeIf69m,FC-L8uamEfIzP,JC-5f576520ea1d2900014e82d5
I1070,amresh.kumar@imerit.net,EC-vieAeIf69m,FC-L8uamEfIzP,JC-5f576520ea1d2900014e82d5
I1078,sayeeda.khatoon@imerit.net,EC-vieAeIf69m,FC-L8uamEfIzP,JC-5f576520ea1d2900014e82d5
I1080,nazia.khatoon@imerit.net,EC-vieAeIf69m,FC-L8uamEfIzP,JC-5f576520ea1d2900014e82d5
I1081,nusrat.ansari@imerit.net,EC-vieAeIf69m,FC-L8uamEfIzP,JC-5f576520ea1d2900014e82d5
I1086,sanjoy.mondal@imerit.net,EC-vieAeIf69m,FC-L8uamEfIzP,JC-5f576520ea1d2900014e82d5
I1095,sohail.ahmed@imerit.net,EC-vieAeIf69m,FC-L8uamEfIzP,JC-5f576520ea1d2900014e82d5
I1096,rahul.roy@imerit.net,EC-vieAeIf69m,FC-L8uamEfIzP,JC-5f576520ea1d2900014e82d5
I1102,ranjan.debnath@imerit.net,EC-vieAeIf69m,FC-L8uamEfIzP,JC-5f576520ea1d2900014e82d5
I1103,sajal.sharma@imerit.net,EC-vieAeIf69m,FC-L8uamEfIzP,JC-5f576520ea1d2900014e82d5
I1105,aashiq.molla@imerit.net,EC-vieAeIf69m,FC-L8uamEfIzP,JC-5f576520ea1d2900014e82d5
I1106,siddhartha.mandal@imerit.net,EC-vieAeIf69m,FC-L8uamEfIzP,JC-5f576520ea1d2900014e82d5
I1109,nikhat.parveen@imerit.net,EC-vieAeIf69m,FC-L8uamEfIzP,JC-5f576520ea1d2900014e82d5
I1112,ritu.kundu@imerit.net,EC-vieAeIf69m,FC-L8uamEfIzP,JC-5f576520ea1d2900014e82d5
I1113,urmila.barui@imerit.net,EC-vieAeIf69m,FC-L8uamEfIzP,JC-5f576520ea1d2900014e82d5
I1124,preeti.kumari@imerit.net,EC-vieAeIf69m,FC-L8uamEfIzP,JC-5f576520ea1d2900014e82d5
I1126,usha.kumari@imerit.net,EC-vieAeIf69m,FC-L8uamEfIzP,JC-5f576520ea1d2900014e82d5
I1127,priya.k@imerit.net,EC-vieAeIf69m,FC-L8uamEfIzP,JC-5f576520ea1d2900014e82d5
I1128,preety.kumari@imerit.net,EC-vieAeIf69m,FC-L8uamEfIzP,JC-5f576520ea1d2900014e82d5
I1130,sangeeta.k@imerit.net,EC-vieAeIf69m,FC-L8uamEfIzP,JC-5f576520ea1d2900014e82d5
I1134,vijay.karmali@imerit.net,EC-vieAeIf69m,FC-L8uamEfIzP,JC-5f576520ea1d2900014e82d5
I1136,albab.hussain@imerit.net,EC-vieAeIf69m,FC-L8uamEfIzP,JC-5f576520ea1d2900014e82d5
I1145,kalyan.shaw@imerit.net,EC-vieAeIf69m,FC-L8uamEfIzP,JC-5f576520ea1d2900014e82d5
